rouge1,rouge2,rougeL,rougeLsum
0.023341803583989615,0.0,0.023319947494086994,0.023420173065536426
